file,subset,seed,load_f1,real_f1,tn,tp,fn,fp,fnr,rec,,
/root/workspace/FAISS-Imputation/ditto-master/data/er_magellan/Structured/iTunes-Amazon/experiment/imputed_iTuneAmazon_without_thr/testing_file_0.05_390_imputed.txt,0.05,390,0.943396226415094,0.943396226415094,81,25,2,1,0.0740740740740741,0.925925925925926,,
/root/workspace/FAISS-Imputation/ditto-master/data/er_magellan/Structured/iTunes-Amazon/experiment/imputed_iTuneAmazon_without_thr/testing_file_0.05_1026_imputed.txt,0.05,1026,0.923076923076923,0.923076923076923,81,24,3,1,0.111111111111111,0.888888888888889,,
/root/workspace/FAISS-Imputation/ditto-master/data/er_magellan/Structured/iTunes-Amazon/experiment/imputed_iTuneAmazon_without_thr/testing_file_0.05_1258_imputed.txt,0.05,1258,0.961538461538462,0.961538461538462,82,25,2,0,0.0740740740740741,0.925925925925926,,
/root/workspace/FAISS-Imputation/ditto-master/data/er_magellan/Structured/iTunes-Amazon/experiment/imputed_iTuneAmazon_without_thr/testing_file_0.05_1493_imputed.txt,0.05,1493,0.928571428571429,0.928571428571429,79,26,1,3,0.037037037037037,0.962962962962963,,
/root/workspace/FAISS-Imputation/ditto-master/data/er_magellan/Structured/iTunes-Amazon/experiment/imputed_iTuneAmazon_without_thr/testing_file_0.05_1784_imputed.txt,0.05,1784,0.928571428571429,0.928571428571429,79,26,1,3,0.037037037037037,0.962962962962963,,
/root/workspace/FAISS-Imputation/ditto-master/data/er_magellan/Structured/iTunes-Amazon/experiment/imputed_iTuneAmazon_without_thr/testing_file_0.05_2328_imputed.txt,0.05,2328,0.925925925925926,0.925925925925926,80,25,2,2,0.0740740740740741,0.925925925925926,,
/root/workspace/FAISS-Imputation/ditto-master/data/er_magellan/Structured/iTunes-Amazon/experiment/imputed_iTuneAmazon_without_thr/testing_file_0.05_2821_imputed.txt,0.05,2821,0.897959183673469,0.897959183673469,82,22,5,0,0.185185185185185,0.814814814814815,,
/root/workspace/FAISS-Imputation/ditto-master/data/er_magellan/Structured/iTunes-Amazon/experiment/imputed_iTuneAmazon_without_thr/testing_file_0.05_2833_imputed.txt,0.05,2833,0.943396226415094,0.943396226415094,81,25,2,1,0.0740740740740741,0.925925925925926,,
/root/workspace/FAISS-Imputation/ditto-master/data/er_magellan/Structured/iTunes-Amazon/experiment/imputed_iTuneAmazon_without_thr/testing_file_0.05_2975_imputed.txt,0.05,2975,0.92,0.92,82,23,4,0,0.148148148148148,0.851851851851852,,
/root/workspace/FAISS-Imputation/ditto-master/data/er_magellan/Structured/iTunes-Amazon/experiment/imputed_iTuneAmazon_without_thr/testing_file_0.05_3390_imputed.txt,0.05,3390,0.92,0.92,82,23,4,0,0.148148148148148,0.851851851851852,,
/root/workspace/FAISS-Imputation/ditto-master/data/er_magellan/Structured/iTunes-Amazon/experiment/imputed_iTuneAmazon_without_thr/testing_file_0.05_3390_imputed.txt,0.05,3390,0.92,0.92,82,23,4,0,0.148148148148148,0.851851851851852,,0.921575285773287
/root/workspace/FAISS-Imputation/ditto-master/data/er_magellan/Structured/iTunes-Amazon/experiment/imputed_iTuneAmazon_without_thr/testing_file_0.05_3703_imputed.txt,0.05,3703,0.925925925925926,0.925925925925926,80,25,2,2,0.0740740740740741,0.925925925925926,,
/root/workspace/FAISS-Imputation/ditto-master/data/er_magellan/Structured/iTunes-Amazon/experiment/imputed_iTuneAmazon_without_thr/testing_file_0.05_4418_imputed.txt,0.05,4418,0.909090909090909,0.909090909090909,79,25,2,3,0.0740740740740741,0.925925925925926,,
/root/workspace/FAISS-Imputation/ditto-master/data/er_magellan/Structured/iTunes-Amazon/experiment/imputed_iTuneAmazon_without_thr/testing_file_0.05_5031_imputed.txt,0.05,5031,0.943396226415094,0.943396226415094,81,25,2,1,0.0740740740740741,0.925925925925926,,
/root/workspace/FAISS-Imputation/ditto-master/data/er_magellan/Structured/iTunes-Amazon/experiment/imputed_iTuneAmazon_without_thr/testing_file_0.05_5087_imputed.txt,0.05,5087,0.92,0.92,82,23,4,0,0.148148148148148,0.851851851851852,,
/root/workspace/FAISS-Imputation/ditto-master/data/er_magellan/Structured/iTunes-Amazon/experiment/imputed_iTuneAmazon_without_thr/testing_file_0.05_5242_imputed.txt,0.05,5242,0.909090909090909,0.909090909090909,79,25,2,3,0.0740740740740741,0.925925925925926,,
/root/workspace/FAISS-Imputation/ditto-master/data/er_magellan/Structured/iTunes-Amazon/experiment/imputed_iTuneAmazon_without_thr/testing_file_0.05_5391_imputed.txt,0.05,5391,0.925925925925926,0.925925925925926,80,25,2,2,0.0740740740740741,0.925925925925926,,
/root/workspace/FAISS-Imputation/ditto-master/data/er_magellan/Structured/iTunes-Amazon/experiment/imputed_iTuneAmazon_without_thr/testing_file_0.05_5742_imputed.txt,0.05,5742,0.892857142857143,0.892857142857143,78,25,2,4,0.0740740740740741,0.925925925925926,,
/root/workspace/FAISS-Imputation/ditto-master/data/er_magellan/Structured/iTunes-Amazon/experiment/imputed_iTuneAmazon_without_thr/testing_file_0.05_5795_imputed.txt,0.05,5795,0.833333333333333,0.833333333333333,81,20,7,1,0.259259259259259,0.740740740740741,,
/root/workspace/FAISS-Imputation/ditto-master/data/er_magellan/Structured/iTunes-Amazon/experiment/imputed_iTuneAmazon_without_thr/testing_file_0.05_5801_imputed.txt,0.05,5801,0.909090909090909,0.909090909090909,79,25,2,3,0.0740740740740741,0.925925925925926,,
/root/workspace/FAISS-Imputation/ditto-master/data/er_magellan/Structured/iTunes-Amazon/experiment/imputed_iTuneAmazon_without_thr/testing_file_0.05_6540_imputed.txt,0.05,6540,0.962962962962963,0.962962962962963,81,26,1,1,0.037037037037037,0.962962962962963,,
/root/workspace/FAISS-Imputation/ditto-master/data/er_magellan/Structured/iTunes-Amazon/experiment/imputed_iTuneAmazon_without_thr/testing_file_0.05_6832_imputed.txt,0.05,6832,0.943396226415094,0.943396226415094,81,25,2,1,0.0740740740740741,0.925925925925926,,
/root/workspace/FAISS-Imputation/ditto-master/data/er_magellan/Structured/iTunes-Amazon/experiment/imputed_iTuneAmazon_without_thr/testing_file_0.05_6955_imputed.txt,0.05,6955,0.923076923076923,0.923076923076923,81,24,3,1,0.111111111111111,0.888888888888889,,
/root/workspace/FAISS-Imputation/ditto-master/data/er_magellan/Structured/iTunes-Amazon/experiment/imputed_iTuneAmazon_without_thr/testing_file_0.05_7598_imputed.txt,0.05,7598,0.925925925925926,0.925925925925926,80,25,2,2,0.0740740740740741,0.925925925925926,,
/root/workspace/FAISS-Imputation/ditto-master/data/er_magellan/Structured/iTunes-Amazon/experiment/imputed_iTuneAmazon_without_thr/testing_file_0.05_7748_imputed.txt,0.05,7748,0.901960784313726,0.901960784313726,81,23,4,1,0.148148148148148,0.851851851851852,,
/root/workspace/FAISS-Imputation/ditto-master/data/er_magellan/Structured/iTunes-Amazon/experiment/imputed_iTuneAmazon_without_thr/testing_file_0.05_8006_imputed.txt,0.05,8006,0.884615384615385,0.884615384615385,80,23,4,2,0.148148148148148,0.851851851851852,,
/root/workspace/FAISS-Imputation/ditto-master/data/er_magellan/Structured/iTunes-Amazon/experiment/imputed_iTuneAmazon_without_thr/testing_file_0.05_8615_imputed.txt,0.05,8615,0.941176470588235,0.941176470588235,82,24,3,0,0.111111111111111,0.888888888888889,,
/root/workspace/FAISS-Imputation/ditto-master/data/er_magellan/Structured/iTunes-Amazon/experiment/imputed_iTuneAmazon_without_thr/testing_file_0.05_9222_imputed.txt,0.05,9222,0.941176470588235,0.941176470588235,82,24,3,0,0.111111111111111,0.888888888888889,,
/root/workspace/FAISS-Imputation/ditto-master/data/er_magellan/Structured/iTunes-Amazon/experiment/imputed_iTuneAmazon_without_thr/testing_file_0.05_9352_imputed.txt,0.05,9352,0.945454545454545,0.945454545454545,80,26,1,2,0.037037037037037,0.962962962962963,,
/root/workspace/FAISS-Imputation/ditto-master/data/er_magellan/Structured/iTunes-Amazon/experiment/imputed_iTuneAmazon_without_thr/testing_file_0.05_9702_imputed.txt,0.05,9702,0.905660377358491,0.905660377358491,80,24,3,2,0.111111111111111,0.888888888888889,,
/root/workspace/FAISS-Imputation/ditto-master/data/er_magellan/Structured/iTunes-Amazon/experiment/imputed_iTuneAmazon_without_thr/testing_file_0.05_9800_imputed.txt,0.05,9800,0.912280701754386,0.912280701754386,78,26,1,4,0.037037037037037,0.962962962962963,,
/root/workspace/FAISS-Imputation/ditto-master/data/er_magellan/Structured/iTunes-Amazon/experiment/imputed_iTuneAmazon_without_thr/testing_file_0.1_390_imputed.txt,0.1,390,0.945454545454545,0.945454545454545,80,26,1,2,0.037037037037037,0.962962962962963,,
/root/workspace/FAISS-Imputation/ditto-master/data/er_magellan/Structured/iTunes-Amazon/experiment/imputed_iTuneAmazon_without_thr/testing_file_0.1_1026_imputed.txt,0.1,1026,0.905660377358491,0.905660377358491,80,24,3,2,0.111111111111111,0.888888888888889,,
/root/workspace/FAISS-Imputation/ditto-master/data/er_magellan/Structured/iTunes-Amazon/experiment/imputed_iTuneAmazon_without_thr/testing_file_0.1_1258_imputed.txt,0.1,1258,0.943396226415094,0.943396226415094,81,25,2,1,0.0740740740740741,0.925925925925926,,
/root/workspace/FAISS-Imputation/ditto-master/data/er_magellan/Structured/iTunes-Amazon/experiment/imputed_iTuneAmazon_without_thr/testing_file_0.1_1493_imputed.txt,0.1,1493,0.928571428571429,0.928571428571429,79,26,1,3,0.037037037037037,0.962962962962963,,
/root/workspace/FAISS-Imputation/ditto-master/data/er_magellan/Structured/iTunes-Amazon/experiment/imputed_iTuneAmazon_without_thr/testing_file_0.1_1784_imputed.txt,0.1,1784,0.962962962962963,0.962962962962963,81,26,1,1,0.037037037037037,0.962962962962963,,
/root/workspace/FAISS-Imputation/ditto-master/data/er_magellan/Structured/iTunes-Amazon/experiment/imputed_iTuneAmazon_without_thr/testing_file_0.1_2328_imputed.txt,0.1,2328,0.872727272727273,0.872727272727273,78,24,3,4,0.111111111111111,0.888888888888889,,
/root/workspace/FAISS-Imputation/ditto-master/data/er_magellan/Structured/iTunes-Amazon/experiment/imputed_iTuneAmazon_without_thr/testing_file_0.1_2821_imputed.txt,0.1,2821,0.943396226415094,0.943396226415094,81,25,2,1,0.0740740740740741,0.925925925925926,,
/root/workspace/FAISS-Imputation/ditto-master/data/er_magellan/Structured/iTunes-Amazon/experiment/imputed_iTuneAmazon_without_thr/testing_file_0.1_2833_imputed.txt,0.1,2833,0.905660377358491,0.884615384615385,80,23,4,2,0.148148148148148,0.851851851851852,,
/root/workspace/FAISS-Imputation/ditto-master/data/er_magellan/Structured/iTunes-Amazon/experiment/imputed_iTuneAmazon_without_thr/testing_file_0.1_2975_imputed.txt,0.1,2975,0.923076923076923,0.923076923076923,81,24,3,1,0.111111111111111,0.888888888888889,,
/root/workspace/FAISS-Imputation/ditto-master/data/er_magellan/Structured/iTunes-Amazon/experiment/imputed_iTuneAmazon_without_thr/testing_file_0.1_3390_imputed.txt,0.1,3390,0.857142857142857,0.857142857142857,81,21,6,1,0.222222222222222,0.777777777777778,,
/root/workspace/FAISS-Imputation/ditto-master/data/er_magellan/Structured/iTunes-Amazon/experiment/imputed_iTuneAmazon_without_thr/testing_file_0.1_3390_imputed.txt,0.1,3390,0.857142857142857,0.857142857142857,81,21,6,1,0.222222222222222,0.777777777777778,,0.89768043007755
/root/workspace/FAISS-Imputation/ditto-master/data/er_magellan/Structured/iTunes-Amazon/experiment/imputed_iTuneAmazon_without_thr/testing_file_0.1_3703_imputed.txt,0.1,3703,0.897959183673469,0.897959183673469,82,22,5,0,0.185185185185185,0.814814814814815,,
/root/workspace/FAISS-Imputation/ditto-master/data/er_magellan/Structured/iTunes-Amazon/experiment/imputed_iTuneAmazon_without_thr/testing_file_0.1_4418_imputed.txt,0.1,4418,0.909090909090909,0.909090909090909,79,25,2,3,0.0740740740740741,0.925925925925926,,
/root/workspace/FAISS-Imputation/ditto-master/data/er_magellan/Structured/iTunes-Amazon/experiment/imputed_iTuneAmazon_without_thr/testing_file_0.1_5031_imputed.txt,0.1,5031,0.941176470588235,0.941176470588235,82,24,3,0,0.111111111111111,0.888888888888889,,
/root/workspace/FAISS-Imputation/ditto-master/data/er_magellan/Structured/iTunes-Amazon/experiment/imputed_iTuneAmazon_without_thr/testing_file_0.1_5087_imputed.txt,0.1,5087,0.905660377358491,0.905660377358491,80,24,3,2,0.111111111111111,0.888888888888889,,
/root/workspace/FAISS-Imputation/ditto-master/data/er_magellan/Structured/iTunes-Amazon/experiment/imputed_iTuneAmazon_without_thr/testing_file_0.1_5242_imputed.txt,0.1,5242,0.897959183673469,0.897959183673469,82,22,5,0,0.185185185185185,0.814814814814815,,
/root/workspace/FAISS-Imputation/ditto-master/data/er_magellan/Structured/iTunes-Amazon/experiment/imputed_iTuneAmazon_without_thr/testing_file_0.1_5391_imputed.txt,0.1,5391,0.884615384615385,0.884615384615385,80,23,4,2,0.148148148148148,0.851851851851852,,
/root/workspace/FAISS-Imputation/ditto-master/data/er_magellan/Structured/iTunes-Amazon/experiment/imputed_iTuneAmazon_without_thr/testing_file_0.1_5742_imputed.txt,0.1,5742,0.909090909090909,0.909090909090909,79,25,2,3,0.0740740740740741,0.925925925925926,,
/root/workspace/FAISS-Imputation/ditto-master/data/er_magellan/Structured/iTunes-Amazon/experiment/imputed_iTuneAmazon_without_thr/testing_file_0.1_5795_imputed.txt,0.1,5795,0.857142857142857,0.857142857142857,81,21,6,1,0.222222222222222,0.777777777777778,,
/root/workspace/FAISS-Imputation/ditto-master/data/er_magellan/Structured/iTunes-Amazon/experiment/imputed_iTuneAmazon_without_thr/testing_file_0.1_5801_imputed.txt,0.1,5801,0.901960784313726,0.901960784313726,81,23,4,1,0.148148148148148,0.851851851851852,,
/root/workspace/FAISS-Imputation/ditto-master/data/er_magellan/Structured/iTunes-Amazon/experiment/imputed_iTuneAmazon_without_thr/testing_file_0.1_6540_imputed.txt,0.1,6540,0.92,0.92,82,23,4,0,0.148148148148148,0.851851851851852,,
/root/workspace/FAISS-Imputation/ditto-master/data/er_magellan/Structured/iTunes-Amazon/experiment/imputed_iTuneAmazon_without_thr/testing_file_0.1_6832_imputed.txt,0.1,6832,0.905660377358491,0.905660377358491,80,24,3,2,0.111111111111111,0.888888888888889,,
/root/workspace/FAISS-Imputation/ditto-master/data/er_magellan/Structured/iTunes-Amazon/experiment/imputed_iTuneAmazon_without_thr/testing_file_0.1_6955_imputed.txt,0.1,6955,0.851851851851852,0.851851851851852,78,23,4,4,0.148148148148148,0.851851851851852,,
/root/workspace/FAISS-Imputation/ditto-master/data/er_magellan/Structured/iTunes-Amazon/experiment/imputed_iTuneAmazon_without_thr/testing_file_0.1_7598_imputed.txt,0.1,7598,0.867924528301887,0.867924528301887,79,23,4,3,0.148148148148148,0.851851851851852,,
/root/workspace/FAISS-Imputation/ditto-master/data/er_magellan/Structured/iTunes-Amazon/experiment/imputed_iTuneAmazon_without_thr/testing_file_0.1_7748_imputed.txt,0.1,7748,0.901960784313726,0.901960784313726,81,23,4,1,0.148148148148148,0.851851851851852,,
/root/workspace/FAISS-Imputation/ditto-master/data/er_magellan/Structured/iTunes-Amazon/experiment/imputed_iTuneAmazon_without_thr/testing_file_0.1_8006_imputed.txt,0.1,8006,0.846153846153846,0.846153846153846,79,22,5,3,0.185185185185185,0.814814814814815,,
/root/workspace/FAISS-Imputation/ditto-master/data/er_magellan/Structured/iTunes-Amazon/experiment/imputed_iTuneAmazon_without_thr/testing_file_0.1_8615_imputed.txt,0.1,8615,0.901960784313726,0.901960784313726,81,23,4,1,0.148148148148148,0.851851851851852,,
/root/workspace/FAISS-Imputation/ditto-master/data/er_magellan/Structured/iTunes-Amazon/experiment/imputed_iTuneAmazon_without_thr/testing_file_0.1_9222_imputed.txt,0.1,9222,0.901960784313726,0.901960784313726,81,23,4,1,0.148148148148148,0.851851851851852,,
/root/workspace/FAISS-Imputation/ditto-master/data/er_magellan/Structured/iTunes-Amazon/experiment/imputed_iTuneAmazon_without_thr/testing_file_0.1_9352_imputed.txt,0.1,9352,0.888888888888889,0.888888888888889,79,24,3,3,0.111111111111111,0.888888888888889,,
/root/workspace/FAISS-Imputation/ditto-master/data/er_magellan/Structured/iTunes-Amazon/experiment/imputed_iTuneAmazon_without_thr/testing_file_0.1_9702_imputed.txt,0.1,9702,0.925925925925926,0.925925925925926,80,25,2,2,0.0740740740740741,0.925925925925926,,
/root/workspace/FAISS-Imputation/ditto-master/data/er_magellan/Structured/iTunes-Amazon/experiment/imputed_iTuneAmazon_without_thr/testing_file_0.1_9800_imputed.txt,0.1,9800,0.765957446808511,0.765957446808511,80,18,9,2,0.333333333333333,0.666666666666667,,
/root/workspace/FAISS-Imputation/ditto-master/data/er_magellan/Structured/iTunes-Amazon/experiment/imputed_iTuneAmazon_without_thr/testing_file_0.2_390_imputed.txt,0.2,390,0.872727272727273,0.872727272727273,78,24,3,4,0.111111111111111,0.888888888888889,,
/root/workspace/FAISS-Imputation/ditto-master/data/er_magellan/Structured/iTunes-Amazon/experiment/imputed_iTuneAmazon_without_thr/testing_file_0.2_1026_imputed.txt,0.2,1026,0.823529411764706,0.823529411764706,79,21,6,3,0.222222222222222,0.777777777777778,,
/root/workspace/FAISS-Imputation/ditto-master/data/er_magellan/Structured/iTunes-Amazon/experiment/imputed_iTuneAmazon_without_thr/testing_file_0.2_1258_imputed.txt,0.2,1258,0.872727272727273,0.872727272727273,78,24,3,4,0.111111111111111,0.888888888888889,,
/root/workspace/FAISS-Imputation/ditto-master/data/er_magellan/Structured/iTunes-Amazon/experiment/imputed_iTuneAmazon_without_thr/testing_file_0.2_1493_imputed.txt,0.2,1493,0.851851851851852,0.851851851851852,78,23,4,4,0.148148148148148,0.851851851851852,,
/root/workspace/FAISS-Imputation/ditto-master/data/er_magellan/Structured/iTunes-Amazon/experiment/imputed_iTuneAmazon_without_thr/testing_file_0.2_1784_imputed.txt,0.2,1784,0.85,0.85,73,24,9,3,0.333333333333333,0.666666666666667,,
/root/workspace/FAISS-Imputation/ditto-master/data/er_magellan/Structured/iTunes-Amazon/experiment/imputed_iTuneAmazon_without_thr/testing_file_0.2_2328_imputed.txt,0.2,2328,0.807692307692308,0.807692307692308,78,21,6,4,0.222222222222222,0.777777777777778,,
/root/workspace/FAISS-Imputation/ditto-master/data/er_magellan/Structured/iTunes-Amazon/experiment/imputed_iTuneAmazon_without_thr/testing_file_0.2_2821_imputed.txt,0.2,2821,0.807692307692308,0.807692307692308,78,21,6,4,0.222222222222222,0.777777777777778,,
/root/workspace/FAISS-Imputation/ditto-master/data/er_magellan/Structured/iTunes-Amazon/experiment/imputed_iTuneAmazon_without_thr/testing_file_0.2_2833_imputed.txt,0.2,2833,0.84,0.84,80,21,6,2,0.222222222222222,0.777777777777778,,0.830255653750649
/root/workspace/FAISS-Imputation/ditto-master/data/er_magellan/Structured/iTunes-Amazon/experiment/imputed_iTuneAmazon_without_thr/testing_file_0.2_2975_imputed.txt,0.2,2975,0.823529411764706,0.823529411764706,79,21,6,3,0.222222222222222,0.777777777777778,,
/root/workspace/FAISS-Imputation/ditto-master/data/er_magellan/Structured/iTunes-Amazon/experiment/imputed_iTuneAmazon_without_thr/testing_file_0.2_3390_imputed.txt,0.2,3390,0.84,0.84,80,21,6,2,0.222222222222222,0.777777777777778,,
/root/workspace/FAISS-Imputation/ditto-master/data/er_magellan/Structured/iTunes-Amazon/experiment/imputed_iTuneAmazon_without_thr/testing_file_0.2_3390_imputed.txt,0.2,3390,0.84,0.84,80,21,6,2,0.222222222222222,0.777777777777778,,
/root/workspace/FAISS-Imputation/ditto-master/data/er_magellan/Structured/iTunes-Amazon/experiment/imputed_iTuneAmazon_without_thr/testing_file_0.2_3703_imputed.txt,0.2,3703,0.830188679245283,0.830188679245283,78,22,5,4,0.185185185185185,0.814814814814815,,
/root/workspace/FAISS-Imputation/ditto-master/data/er_magellan/Structured/iTunes-Amazon/experiment/imputed_iTuneAmazon_without_thr/testing_file_0.2_4418_imputed.txt,0.2,4418,0.8,0.8,76,22,5,6,0.185185185185185,0.814814814814815,,
/root/workspace/FAISS-Imputation/ditto-master/data/er_magellan/Structured/iTunes-Amazon/experiment/imputed_iTuneAmazon_without_thr/testing_file_0.2_5031_imputed.txt,0.2,5031,0.84,0.84,80,21,6,2,0.222222222222222,0.777777777777778,,
/root/workspace/FAISS-Imputation/ditto-master/data/er_magellan/Structured/iTunes-Amazon/experiment/imputed_iTuneAmazon_without_thr/testing_file_0.2_5087_imputed.txt,0.2,5087,0.847457627118644,0.847457627118644,75,25,2,7,0.0740740740740741,0.925925925925926,,
/root/workspace/FAISS-Imputation/ditto-master/data/er_magellan/Structured/iTunes-Amazon/experiment/imputed_iTuneAmazon_without_thr/testing_file_0.2_5242_imputed.txt,0.2,5242,0.792452830188679,0.792452830188679,77,21,6,5,0.222222222222222,0.777777777777778,,
/root/workspace/FAISS-Imputation/ditto-master/data/er_magellan/Structured/iTunes-Amazon/experiment/imputed_iTuneAmazon_without_thr/testing_file_0.2_5391_imputed.txt,0.2,5391,0.817777777777778,0.817777777777778,76,24,6,3,0.222222222222222,0.777777777777778,,
/root/workspace/FAISS-Imputation/ditto-master/data/er_magellan/Structured/iTunes-Amazon/experiment/imputed_iTuneAmazon_without_thr/testing_file_0.2_5742_imputed.txt,0.2,5742,0.909090909090909,0.909090909090909,79,25,2,3,0.0740740740740741,0.925925925925926,,
/root/workspace/FAISS-Imputation/ditto-master/data/er_magellan/Structured/iTunes-Amazon/experiment/imputed_iTuneAmazon_without_thr/testing_file_0.2_5795_imputed.txt,0.2,5795,0.791666666666667,0.791666666666667,80,19,8,2,0.296296296296296,0.703703703703704,,
/root/workspace/FAISS-Imputation/ditto-master/data/er_magellan/Structured/iTunes-Amazon/experiment/imputed_iTuneAmazon_without_thr/testing_file_0.2_5801_imputed.txt,0.2,5801,0.869230769230769,0.869230769230769,77,23,7,2,0.259259259259259,0.740740740740741,,
/root/workspace/FAISS-Imputation/ditto-master/data/er_magellan/Structured/iTunes-Amazon/experiment/imputed_iTuneAmazon_without_thr/testing_file_0.2_6540_imputed.txt,0.2,6540,0.8,0.8,76,22,5,6,0.185185185185185,0.814814814814815,,
/root/workspace/FAISS-Imputation/ditto-master/data/er_magellan/Structured/iTunes-Amazon/experiment/imputed_iTuneAmazon_without_thr/testing_file_0.2_6832_imputed.txt,0.2,6832,0.785714285714286,0.785714285714286,75,22,5,7,0.185185185185185,0.814814814814815,,
/root/workspace/FAISS-Imputation/ditto-master/data/er_magellan/Structured/iTunes-Amazon/experiment/imputed_iTuneAmazon_without_thr/testing_file_0.2_6955_imputed.txt,0.2,6955,0.8,0.8,79,20,7,3,0.259259259259259,0.740740740740741,,
/root/workspace/FAISS-Imputation/ditto-master/data/er_magellan/Structured/iTunes-Amazon/experiment/imputed_iTuneAmazon_without_thr/testing_file_0.2_7598_imputed.txt,0.2,7598,0.833636363636364,0.833636363636364,75,26,6,2,0.222222222222222,0.777777777777778,,
/root/workspace/FAISS-Imputation/ditto-master/data/er_magellan/Structured/iTunes-Amazon/experiment/imputed_iTuneAmazon_without_thr/testing_file_0.2_7748_imputed.txt,0.2,7748,0.862745098039216,0.862745098039216,80,22,5,2,0.185185185185185,0.814814814814815,,
/root/workspace/FAISS-Imputation/ditto-master/data/er_magellan/Structured/iTunes-Amazon/experiment/imputed_iTuneAmazon_without_thr/testing_file_0.2_8006_imputed.txt,0.2,8006,0.830769230769231,0.830769230769231,76,25,8,2,0.296296296296296,0.703703703703704,,
/root/workspace/FAISS-Imputation/ditto-master/data/er_magellan/Structured/iTunes-Amazon/experiment/imputed_iTuneAmazon_without_thr/testing_file_0.2_8615_imputed.txt,0.2,8615,0.857142857142857,0.857142857142857,77,24,3,5,0.111111111111111,0.888888888888889,,
/root/workspace/FAISS-Imputation/ditto-master/data/er_magellan/Structured/iTunes-Amazon/experiment/imputed_iTuneAmazon_without_thr/testing_file_0.2_9222_imputed.txt,0.2,9222,0.792452830188679,0.792452830188679,77,21,6,5,0.222222222222222,0.777777777777778,,
/root/workspace/FAISS-Imputation/ditto-master/data/er_magellan/Structured/iTunes-Amazon/experiment/imputed_iTuneAmazon_without_thr/testing_file_0.2_9352_imputed.txt,0.2,9352,0.846153846153846,0.846153846153846,79,22,5,3,0.185185185185185,0.814814814814815,,
/root/workspace/FAISS-Imputation/ditto-master/data/er_magellan/Structured/iTunes-Amazon/experiment/imputed_iTuneAmazon_without_thr/testing_file_0.2_9702_imputed.txt,0.2,9702,0.793103448275862,0.793103448275862,74,23,4,8,0.148148148148148,0.851851851851852,,
/root/workspace/FAISS-Imputation/ditto-master/data/er_magellan/Structured/iTunes-Amazon/experiment/imputed_iTuneAmazon_without_thr/testing_file_0.2_9800_imputed.txt,0.2,9800,0.851063829787234,0.851063829787234,82,20,7,0,0.259259259259259,0.740740740740741,,
/root/workspace/FAISS-Imputation/ditto-master/data/er_magellan/Structured/iTunes-Amazon/experiment/imputed_iTuneAmazon_without_thr/testing_file_0.4_390_imputed.txt,0.4,390,0.715882352941177,0.715882352941177,76,18,9,6,0.333333333333333,0.666666666666667,,
/root/workspace/FAISS-Imputation/ditto-master/data/er_magellan/Structured/iTunes-Amazon/experiment/imputed_iTuneAmazon_without_thr/testing_file_0.4_1026_imputed.txt,0.4,1026,0.680851063829787,0.680851063829787,78,16,11,4,0.407407407407407,0.592592592592593,,
/root/workspace/FAISS-Imputation/ditto-master/data/er_magellan/Structured/iTunes-Amazon/experiment/imputed_iTuneAmazon_without_thr/testing_file_0.4_1493_imputed.txt,0.4,1493,0.705161290322581,0.705161290322581,77,20,7,5,0.349259259259259,0.650740740740741,,
/root/workspace/FAISS-Imputation/ditto-master/data/er_magellan/Structured/iTunes-Amazon/experiment/imputed_iTuneAmazon_without_thr/testing_file_0.4_1784_imputed.txt,0.4,1784,0.666666666666667,0.666666666666667,73,18,9,9,0.333333333333333,0.666666666666667,,
/root/workspace/FAISS-Imputation/ditto-master/data/er_magellan/Structured/iTunes-Amazon/experiment/imputed_iTuneAmazon_without_thr/testing_file_0.4_2821_imputed.txt,0.4,2821,0.68,0.68,76,17,10,6,0.37037037037037,0.62962962962963,,
/root/workspace/FAISS-Imputation/ditto-master/data/er_magellan/Structured/iTunes-Amazon/experiment/imputed_iTuneAmazon_without_thr/testing_file_0.4_2833_imputed.txt,0.4,2833,0.710909090909091,0.710909090909091,84,24,4,1,0.248518518518519,0.651481481481481,,
/root/workspace/FAISS-Imputation/ditto-master/data/er_magellan/Structured/iTunes-Amazon/experiment/imputed_iTuneAmazon_without_thr/testing_file_0.4_2975_imputed.txt,0.4,2975,0.693877551020408,0.693877551020408,77,17,10,5,0.37037037037037,0.62962962962963,,
/root/workspace/FAISS-Imputation/ditto-master/data/er_magellan/Structured/iTunes-Amazon/experiment/imputed_iTuneAmazon_without_thr/testing_file_0.4_3390_imputed.txt,0.4,3390,0.709047619047619,0.709047619047619,84,20,5,2,0.268518518518519,0.651481481481481,,
/root/workspace/FAISS-Imputation/ditto-master/data/er_magellan/Structured/iTunes-Amazon/experiment/imputed_iTuneAmazon_without_thr/testing_file_0.4_3390_imputed.txt,0.4,3390,0.619047619047619,0.619047619047619,81,20,7,2,0.418518518518519,0.581481481481481,,
/root/workspace/FAISS-Imputation/ditto-master/data/er_magellan/Structured/iTunes-Amazon/experiment/imputed_iTuneAmazon_without_thr/testing_file_0.4_3703_imputed.txt,0.4,3703,0.71875,0.71875,82,23,4,14,0.148148148148148,0.851851851851852,,
/root/workspace/FAISS-Imputation/ditto-master/data/er_magellan/Structured/iTunes-Amazon/experiment/imputed_iTuneAmazon_without_thr/testing_file_0.4_4418_imputed.txt,0.4,4418,0.714285714285714,0.714285714285714,85,20,5,0,0.344444444444444,0.655555555555556,,0.709122571652786
/root/workspace/FAISS-Imputation/ditto-master/data/er_magellan/Structured/iTunes-Amazon/experiment/imputed_iTuneAmazon_without_thr/testing_file_0.4_5031_imputed.txt,0.4,5031,0.727272727272727,0.727272727272727,84,20,7,8,0.259259259259259,0.740740740740741,,
/root/workspace/FAISS-Imputation/ditto-master/data/er_magellan/Structured/iTunes-Amazon/experiment/imputed_iTuneAmazon_without_thr/testing_file_0.4_5087_imputed.txt,0.4,5087,0.724137931034483,0.724137931034483,85,21,6,10,0.222222222222222,0.777777777777778,,
/root/workspace/FAISS-Imputation/ditto-master/data/er_magellan/Structured/iTunes-Amazon/experiment/imputed_iTuneAmazon_without_thr/testing_file_0.4_5242_imputed.txt,0.4,5242,0.784313725490196,0.784313725490196,86,20,7,4,0.259259259259259,0.740740740740741,,
/root/workspace/FAISS-Imputation/ditto-master/data/er_magellan/Structured/iTunes-Amazon/experiment/imputed_iTuneAmazon_without_thr/testing_file_0.4_5391_imputed.txt,0.4,5391,0.680851063829787,0.680851063829787,87,16,11,4,0.407407407407407,0.592592592592593,,
/root/workspace/FAISS-Imputation/ditto-master/data/er_magellan/Structured/iTunes-Amazon/experiment/imputed_iTuneAmazon_without_thr/testing_file_0.4_5742_imputed.txt,0.4,5742,0.745098039215686,0.745098039215686,88,19,8,5,0.296296296296296,0.703703703703704,,
/root/workspace/FAISS-Imputation/ditto-master/data/er_magellan/Structured/iTunes-Amazon/experiment/imputed_iTuneAmazon_without_thr/testing_file_0.4_5795_imputed.txt,0.4,5795,0.698297872340426,0.698297872340426,89,19,10,3,0.394444444444444,0.605555555555556,,
/root/workspace/FAISS-Imputation/ditto-master/data/er_magellan/Structured/iTunes-Amazon/experiment/imputed_iTuneAmazon_without_thr/testing_file_0.4_5801_imputed.txt,0.4,5801,0.742857142857143,0.742857142857143,95,20,7,6,0.36831036037127,0.666666666666667,,
/root/workspace/FAISS-Imputation/ditto-master/data/er_magellan/Structured/iTunes-Amazon/experiment/imputed_iTuneAmazon_without_thr/testing_file_0.4_6540_imputed.txt,0.4,6540,0.734146341463415,0.734146341463415,91,18,9,1,0.518518518518519,0.481481481481481,,
/root/workspace/FAISS-Imputation/ditto-master/data/er_magellan/Structured/iTunes-Amazon/experiment/imputed_iTuneAmazon_without_thr/testing_file_0.4_6832_imputed.txt,0.4,6832,0.727272727272727,0.727272727272727,92,20,7,8,0.259259259259259,0.740740740740741,,
/root/workspace/FAISS-Imputation/ditto-master/data/er_magellan/Structured/iTunes-Amazon/experiment/imputed_iTuneAmazon_without_thr/testing_file_0.4_6955_imputed.txt,0.4,6955,0.651162790697675,0.651162790697675,96,18,7,2,0.401481481481481,0.598518518518519,,
/root/workspace/FAISS-Imputation/ditto-master/data/er_magellan/Structured/iTunes-Amazon/experiment/imputed_iTuneAmazon_without_thr/testing_file_0.4_7598_imputed.txt,0.4,7598,0.722950819672131,0.722950819672131,96,27,8,5,0.276296296296296,0.703703703703704,,
/root/workspace/FAISS-Imputation/ditto-master/data/er_magellan/Structured/iTunes-Amazon/experiment/imputed_iTuneAmazon_without_thr/testing_file_0.4_7748_imputed.txt,0.4,7748,0.644067796610169,0.644067796610169,95,19,8,13,0.296296296296296,0.703703703703704,,
/root/workspace/FAISS-Imputation/ditto-master/data/er_magellan/Structured/iTunes-Amazon/experiment/imputed_iTuneAmazon_without_thr/testing_file_0.4_8006_imputed.txt,0.4,8006,0.792452830188679,0.792452830188679,96,21,6,5,0.222222222222222,0.777777777777778,,
/root/workspace/FAISS-Imputation/ditto-master/data/er_magellan/Structured/iTunes-Amazon/experiment/imputed_iTuneAmazon_without_thr/testing_file_0.4_8615_imputed.txt,0.4,8615,0.708695652173913,0.708695652173913,100,25,2,2,0.291481481481481,0.708518518518519,,
/root/workspace/FAISS-Imputation/ditto-master/data/er_magellan/Structured/iTunes-Amazon/experiment/imputed_iTuneAmazon_without_thr/testing_file_0.4_9222_imputed.txt,0.4,9222,0.739130434782609,0.739130434782609,98,17,10,2,0.37037037037037,0.62962962962963,,
