file,subset,seed,load_f1,real_f1,tn,tp,fn,fp,fnr,rec
/root/workspace/FAISS-Imputation/ditto-master/data/er_magellan/Structured/Amazon-Google/imputed_AmazonGoogle_without_thr/testing_file_0.05_4173_imputed.txt,0.05,4173,0.6817325800376648,0.6817325800376648,1943.0,181.0,53.0,116.0,0.2264957264957265,0.7735042735042735
/root/workspace/FAISS-Imputation/ditto-master/data/er_magellan/Structured/Amazon-Google/imputed_AmazonGoogle_without_thr/testing_file_0.1_4173_imputed.txt,0.1,4173,0.6708074534161491,0.6708074534161491,1972.0,162.0,72.0,87.0,0.3076923076923077,0.6923076923076923
/root/workspace/FAISS-Imputation/ditto-master/data/er_magellan/Structured/Amazon-Google/imputed_AmazonGoogle_without_thr/testing_file_0.2_4173_imputed.txt,0.2,4173,0.5633802816901409,0.5633802816901409,1936.0,140.0,94.0,123.0,0.4017094017094017,0.5982905982905983
/root/workspace/FAISS-Imputation/ditto-master/data/er_magellan/Structured/Amazon-Google/imputed_AmazonGoogle_without_thr/testing_file_0.4_4173_imputed.txt,0.4,4173,0.4057971014492754,0.4057971014492754,1743.0,140.0,94.0,316.0,0.4017094017094017,0.5982905982905983
/root/workspace/FAISS-Imputation/ditto-master/data/er_magellan/Structured/Amazon-Google/imputed_AmazonGoogle_without_thr/testing_file_0.05_7073_imputed.txt,0.05,7073,0.6901960784313725,0.6901960784313725,1959.0,176.0,58.0,100.0,0.24786324786324787,0.7521367521367521
/root/workspace/FAISS-Imputation/ditto-master/data/er_magellan/Structured/Amazon-Google/imputed_AmazonGoogle_without_thr/testing_file_0.1_7073_imputed.txt,0.1,7073,0.6541666666666667,0.6541666666666667,1970.0,157.0,77.0,89.0,0.32905982905982906,0.6709401709401709
/root/workspace/FAISS-Imputation/ditto-master/data/er_magellan/Structured/Amazon-Google/imputed_AmazonGoogle_without_thr/testing_file_0.2_7073_imputed.txt,0.2,7073,0.5978021978021978,0.5978021978021978,1974.0,136.0,98.0,85.0,0.4188034188034188,0.5811965811965812
/root/workspace/FAISS-Imputation/ditto-master/data/er_magellan/Structured/Amazon-Google/imputed_AmazonGoogle_without_thr/testing_file_0.4_7073_imputed.txt,0.4,7073,0.4124087591240876,0.4124087591240876,1858.0,113.0,121.0,201.0,0.5170940170940171,0.4829059829059829
/root/workspace/FAISS-Imputation/ditto-master/data/er_magellan/Structured/Amazon-Google/imputed_AmazonGoogle_without_thr/testing_file_0.05_8594_imputed.txt,0.05,8594,0.6915520628683693,0.6929133858267716,1961.0,176.0,58.0,98.0,0.24786324786324787,0.7521367521367521
/root/workspace/FAISS-Imputation/ditto-master/data/er_magellan/Structured/Amazon-Google/imputed_AmazonGoogle_without_thr/testing_file_0.1_8594_imputed.txt,0.1,8594,0.6599597585513078,0.6599597585513078,1960.0,164.0,70.0,99.0,0.29914529914529914,0.7008547008547008
/root/workspace/FAISS-Imputation/ditto-master/data/er_magellan/Structured/Amazon-Google/imputed_AmazonGoogle_without_thr/testing_file_0.2_8594_imputed.txt,0.2,8594,0.573170731707317,0.573170731707317,1942.0,141.0,93.0,117.0,0.3974358974358974,0.6025641025641025
/root/workspace/FAISS-Imputation/ditto-master/data/er_magellan/Structured/Amazon-Google/imputed_AmazonGoogle_without_thr/testing_file_0.4_8594_imputed.txt,0.4,8594,0.4484848484848485,0.4484848484848485,1909.0,111.0,123.0,150.0,0.5256410256410257,0.47435897435897434
/root/workspace/FAISS-Imputation/ditto-master/data/er_magellan/Structured/Amazon-Google/imputed_AmazonGoogle_without_thr/testing_file_0.05_5298_imputed.txt,0.05,5298,0.6626016260162602,0.6612576064908722,1963.0,163.0,71.0,96.0,0.3034188034188034,0.6965811965811965
/root/workspace/FAISS-Imputation/ditto-master/data/er_magellan/Structured/Amazon-Google/imputed_AmazonGoogle_without_thr/testing_file_0.1_5298_imputed.txt,0.1,5298,0.6021897810218978,0.6021897810218978,1910.0,165.0,69.0,149.0,0.2948717948717949,0.7051282051282052
/root/workspace/FAISS-Imputation/ditto-master/data/er_magellan/Structured/Amazon-Google/imputed_AmazonGoogle_without_thr/testing_file_0.2_5298_imputed.txt,0.2,5298,0.5531914893617021,0.5531914893617021,1987.0,117.0,117.0,72.0,0.5,0.5
/root/workspace/FAISS-Imputation/ditto-master/data/er_magellan/Structured/Amazon-Google/imputed_AmazonGoogle_without_thr/testing_file_0.4_5298_imputed.txt,0.4,5298,0.4146868250539957,0.4155844155844156,1927.0,96.0,138.0,132.0,0.5897435897435898,0.41025641025641024
/root/workspace/FAISS-Imputation/ditto-master/data/er_magellan/Structured/Amazon-Google/imputed_AmazonGoogle_without_thr/testing_file_0.05_5226_imputed.txt,0.05,5226,0.6926070038910506,0.6926070038910506,1957.0,178.0,56.0,102.0,0.23931623931623933,0.7606837606837606
/root/workspace/FAISS-Imputation/ditto-master/data/er_magellan/Structured/Amazon-Google/imputed_AmazonGoogle_without_thr/testing_file_0.1_5226_imputed.txt,0.1,5226,0.6475095785440613,0.6475095785440613,1940.0,169.0,65.0,119.0,0.2777777777777778,0.7222222222222222
/root/workspace/FAISS-Imputation/ditto-master/data/er_magellan/Structured/Amazon-Google/imputed_AmazonGoogle_without_thr/testing_file_0.2_5226_imputed.txt,0.2,5226,0.5603271983640081,0.5603271983640081,1941.0,137.0,97.0,118.0,0.41452991452991456,0.5854700854700855
/root/workspace/FAISS-Imputation/ditto-master/data/er_magellan/Structured/Amazon-Google/imputed_AmazonGoogle_without_thr/testing_file_0.4_5226_imputed.txt,0.4,5226,0.44403669724770645,0.44403669724770645,1869.0,121.0,113.0,190.0,0.4829059829059829,0.5170940170940171
/root/workspace/FAISS-Imputation/ditto-master/data/er_magellan/Structured/Amazon-Google/imputed_AmazonGoogle_without_thr/testing_file_0.05_6188_imputed.txt,0.05,6188,0.6736401673640168,0.6736401673640168,1976.0,161.0,73.0,83.0,0.31196581196581197,0.688034188034188
/root/workspace/FAISS-Imputation/ditto-master/data/er_magellan/Structured/Amazon-Google/imputed_AmazonGoogle_without_thr/testing_file_0.1_6188_imputed.txt,0.1,6188,0.6160714285714286,0.6160714285714286,1983.0,138.0,96.0,76.0,0.41025641025641024,0.5897435897435898
/root/workspace/FAISS-Imputation/ditto-master/data/er_magellan/Structured/Amazon-Google/imputed_AmazonGoogle_without_thr/testing_file_0.2_6188_imputed.txt,0.2,6188,0.5361305361305362,0.5327102803738317,1979.0,114.0,120.0,80.0,0.5128205128205128,0.48717948717948717
/root/workspace/FAISS-Imputation/ditto-master/data/er_magellan/Structured/Amazon-Google/imputed_AmazonGoogle_without_thr/testing_file_0.4_6188_imputed.txt,0.4,6188,0.4111111111111111,0.4111111111111111,1864.0,111.0,123.0,195.0,0.5256410256410257,0.47435897435897434
/root/workspace/FAISS-Imputation/ditto-master/data/er_magellan/Structured/Amazon-Google/imputed_AmazonGoogle_without_thr/testing_file_0.05_6698_imputed.txt,0.05,6698,0.6735537190082644,0.6735537190082644,1972.0,163.0,71.0,87.0,0.3034188034188034,0.6965811965811965
/root/workspace/FAISS-Imputation/ditto-master/data/er_magellan/Structured/Amazon-Google/imputed_AmazonGoogle_without_thr/testing_file_0.1_6698_imputed.txt,0.1,6698,0.651252408477842,0.651252408477842,1943.0,169.0,65.0,116.0,0.2777777777777778,0.7222222222222222
/root/workspace/FAISS-Imputation/ditto-master/data/er_magellan/Structured/Amazon-Google/imputed_AmazonGoogle_without_thr/testing_file_0.2_6698_imputed.txt,0.2,6698,0.5836909871244635,0.5836909871244635,1963.0,136.0,98.0,96.0,0.4188034188034188,0.5811965811965812
/root/workspace/FAISS-Imputation/ditto-master/data/er_magellan/Structured/Amazon-Google/imputed_AmazonGoogle_without_thr/testing_file_0.4_6698_imputed.txt,0.4,6698,0.4246575342465753,0.4246575342465753,1948.0,93.0,141.0,111.0,0.6025641025641025,0.3974358974358974
/root/workspace/FAISS-Imputation/ditto-master/data/er_magellan/Structured/Amazon-Google/imputed_AmazonGoogle_without_thr/testing_file_0.05_3558_imputed.txt,0.05,3558,0.68762278978389,0.68762278978389,1959.0,175.0,59.0,100.0,0.25213675213675213,0.7478632478632479
/root/workspace/FAISS-Imputation/ditto-master/data/er_magellan/Structured/Amazon-Google/imputed_AmazonGoogle_without_thr/testing_file_0.1_3558_imputed.txt,0.1,3558,0.6577946768060836,0.6577946768060836,1940.0,173.0,61.0,119.0,0.2606837606837607,0.7393162393162394
/root/workspace/FAISS-Imputation/ditto-master/data/er_magellan/Structured/Amazon-Google/imputed_AmazonGoogle_without_thr/testing_file_0.2_3558_imputed.txt,0.2,3558,0.5475638051044084,0.5475638051044084,1980.0,118.0,116.0,79.0,0.49572649572649574,0.5042735042735043
/root/workspace/FAISS-Imputation/ditto-master/data/er_magellan/Structured/Amazon-Google/imputed_AmazonGoogle_without_thr/testing_file_0.4_3558_imputed.txt,0.4,3558,0.37407407407407406,0.37407407407407406,1854.0,101.0,133.0,205.0,0.5683760683760684,0.43162393162393164
/root/workspace/FAISS-Imputation/ditto-master/data/er_magellan/Structured/Amazon-Google/imputed_AmazonGoogle_without_thr/testing_file_0.05_2912_imputed.txt,0.05,2912,0.6984126984126984,0.6984126984126984,1924.0,198.0,36.0,135.0,0.15384615384615385,0.8461538461538461
/root/workspace/FAISS-Imputation/ditto-master/data/er_magellan/Structured/Amazon-Google/imputed_AmazonGoogle_without_thr/testing_file_0.1_2912_imputed.txt,0.1,2912,0.6627450980392157,0.6640471512770137,1953.0,169.0,65.0,106.0,0.2777777777777778,0.7222222222222222
/root/workspace/FAISS-Imputation/ditto-master/data/er_magellan/Structured/Amazon-Google/imputed_AmazonGoogle_without_thr/testing_file_0.2_2912_imputed.txt,0.2,2912,0.5535353535353535,0.5535353535353535,1935.0,137.0,97.0,124.0,0.41452991452991456,0.5854700854700855
/root/workspace/FAISS-Imputation/ditto-master/data/er_magellan/Structured/Amazon-Google/imputed_AmazonGoogle_without_thr/testing_file_0.4_2912_imputed.txt,0.4,2912,0.43106796116504853,0.43106796116504853,1889.0,111.0,123.0,170.0,0.5256410256410257,0.47435897435897434
/root/workspace/FAISS-Imputation/ditto-master/data/er_magellan/Structured/Amazon-Google/imputed_AmazonGoogle_without_thr/testing_file_0.05_3329_imputed.txt,0.05,3329,0.6746031746031746,0.6746031746031746,1959.0,170.0,64.0,100.0,0.27350427350427353,0.7264957264957265
/root/workspace/FAISS-Imputation/ditto-master/data/er_magellan/Structured/Amazon-Google/imputed_AmazonGoogle_without_thr/testing_file_0.1_3329_imputed.txt,0.1,3329,0.6331877729257642,0.6331877729257642,1980.0,145.0,89.0,79.0,0.3803418803418803,0.6196581196581197
/root/workspace/FAISS-Imputation/ditto-master/data/er_magellan/Structured/Amazon-Google/imputed_AmazonGoogle_without_thr/testing_file_0.2_3329_imputed.txt,0.2,3329,0.5411764705882353,0.5411764705882353,1983.0,115.0,119.0,76.0,0.5085470085470085,0.49145299145299143
/root/workspace/FAISS-Imputation/ditto-master/data/er_magellan/Structured/Amazon-Google/imputed_AmazonGoogle_without_thr/testing_file_0.4_3329_imputed.txt,0.4,3329,0.39285714285714285,0.39363817097415504,1889.0,99.0,135.0,170.0,0.5769230769230769,0.4230769230769231
/root/workspace/FAISS-Imputation/ditto-master/data/er_magellan/Structured/Amazon-Google/imputed_AmazonGoogle_without_thr/testing_file_0.05_5926_imputed.txt,0.05,5926,0.6783625730994152,0.6783625730994152,1954.0,174.0,60.0,105.0,0.2564102564102564,0.7435897435897436
/root/workspace/FAISS-Imputation/ditto-master/data/er_magellan/Structured/Amazon-Google/imputed_AmazonGoogle_without_thr/testing_file_0.1_5926_imputed.txt,0.1,5926,0.6231578947368421,0.6231578947368421,1966.0,148.0,86.0,93.0,0.36752136752136755,0.6324786324786325
/root/workspace/FAISS-Imputation/ditto-master/data/er_magellan/Structured/Amazon-Google/imputed_AmazonGoogle_without_thr/testing_file_0.2_5926_imputed.txt,0.2,5926,0.5636363636363636,0.5636363636363636,1977.0,124.0,110.0,82.0,0.4700854700854701,0.5299145299145299
/root/workspace/FAISS-Imputation/ditto-master/data/er_magellan/Structured/Amazon-Google/imputed_AmazonGoogle_without_thr/testing_file_0.4_5926_imputed.txt,0.4,5926,0.3924843423799583,0.3958333333333333,1908.0,95.0,139.0,151.0,0.594017094017094,0.405982905982906
/root/workspace/FAISS-Imputation/ditto-master/data/er_magellan/Structured/Amazon-Google/imputed_AmazonGoogle_without_thr/testing_file_0.05_8682_imputed.txt,0.05,8682,0.7004048582995951,0.7004048582995951,1972.0,173.0,61.0,87.0,0.2606837606837607,0.7393162393162394
/root/workspace/FAISS-Imputation/ditto-master/data/er_magellan/Structured/Amazon-Google/imputed_AmazonGoogle_without_thr/testing_file_0.1_8682_imputed.txt,0.1,8682,0.6597510373443983,0.6611226611226612,1971.0,159.0,75.0,88.0,0.32051282051282054,0.6794871794871795
/root/workspace/FAISS-Imputation/ditto-master/data/er_magellan/Structured/Amazon-Google/imputed_AmazonGoogle_without_thr/testing_file_0.2_8682_imputed.txt,0.2,8682,0.5545851528384279,0.5545851528384279,1962.0,127.0,107.0,97.0,0.45726495726495725,0.5427350427350427
/root/workspace/FAISS-Imputation/ditto-master/data/er_magellan/Structured/Amazon-Google/imputed_AmazonGoogle_without_thr/testing_file_0.4_8682_imputed.txt,0.4,8682,0.41216216216216217,0.4114671163575042,1822.0,122.0,112.0,237.0,0.47863247863247865,0.5213675213675214
/root/workspace/FAISS-Imputation/ditto-master/data/er_magellan/Structured/Amazon-Google/imputed_AmazonGoogle_without_thr/testing_file_0.05_1087_imputed.txt,0.05,1087,0.7112068965517241,0.7112068965517241,1994.0,165.0,69.0,65.0,0.2948717948717949,0.7051282051282052
/root/workspace/FAISS-Imputation/ditto-master/data/er_magellan/Structured/Amazon-Google/imputed_AmazonGoogle_without_thr/testing_file_0.1_1087_imputed.txt,0.1,1087,0.6637744034707158,0.6623376623376623,1984.0,153.0,81.0,75.0,0.34615384615384615,0.6538461538461539
/root/workspace/FAISS-Imputation/ditto-master/data/er_magellan/Structured/Amazon-Google/imputed_AmazonGoogle_without_thr/testing_file_0.2_1087_imputed.txt,0.2,1087,0.6329113924050633,0.6329113924050633,1969.0,150.0,84.0,90.0,0.358974358974359,0.6410256410256411
/root/workspace/FAISS-Imputation/ditto-master/data/er_magellan/Structured/Amazon-Google/imputed_AmazonGoogle_without_thr/testing_file_0.4_1087_imputed.txt,0.4,1087,0.41541755888650966,0.41541755888650966,1923.0,97.0,137.0,136.0,0.5854700854700855,0.41452991452991456
/root/workspace/FAISS-Imputation/ditto-master/data/er_magellan/Structured/Amazon-Google/imputed_AmazonGoogle_without_thr/testing_file_0.05_7704_imputed.txt,0.05,7704,0.6549019607843137,0.656188605108055,1951.0,167.0,67.0,108.0,0.2863247863247863,0.7136752136752137
/root/workspace/FAISS-Imputation/ditto-master/data/er_magellan/Structured/Amazon-Google/imputed_AmazonGoogle_without_thr/testing_file_0.1_7704_imputed.txt,0.1,7704,0.6693548387096774,0.6693548387096774,1963.0,166.0,68.0,96.0,0.2905982905982906,0.7094017094017094
/root/workspace/FAISS-Imputation/ditto-master/data/er_magellan/Structured/Amazon-Google/imputed_AmazonGoogle_without_thr/testing_file_0.2_7704_imputed.txt,0.2,7704,0.5618860510805501,0.5618860510805501,1927.0,143.0,91.0,132.0,0.3888888888888889,0.6111111111111112
/root/workspace/FAISS-Imputation/ditto-master/data/er_magellan/Structured/Amazon-Google/imputed_AmazonGoogle_without_thr/testing_file_0.4_7704_imputed.txt,0.4,7704,0.3675496688741722,0.3675496688741722,1800.0,111.0,123.0,259.0,0.5256410256410257,0.47435897435897434
/root/workspace/FAISS-Imputation/ditto-master/data/er_magellan/Structured/Amazon-Google/imputed_AmazonGoogle_without_thr/testing_file_0.05_9678_imputed.txt,0.05,9678,0.6927592954990215,0.69140625,1958.0,177.0,57.0,101.0,0.24358974358974358,0.7564102564102564
/root/workspace/FAISS-Imputation/ditto-master/data/er_magellan/Structured/Amazon-Google/imputed_AmazonGoogle_without_thr/testing_file_0.1_9678_imputed.txt,0.1,9678,0.6485355648535565,0.6485355648535565,1970.0,155.0,79.0,89.0,0.33760683760683763,0.6623931623931624
/root/workspace/FAISS-Imputation/ditto-master/data/er_magellan/Structured/Amazon-Google/imputed_AmazonGoogle_without_thr/testing_file_0.2_9678_imputed.txt,0.2,9678,0.5608695652173913,0.5608695652173913,1962.0,129.0,105.0,97.0,0.44871794871794873,0.5512820512820513
/root/workspace/FAISS-Imputation/ditto-master/data/er_magellan/Structured/Amazon-Google/imputed_AmazonGoogle_without_thr/testing_file_0.4_9678_imputed.txt,0.4,9678,0.3854875283446712,0.3854875283446712,1937.0,85.0,149.0,122.0,0.6367521367521367,0.36324786324786323
/root/workspace/FAISS-Imputation/ditto-master/data/er_magellan/Structured/Amazon-Google/imputed_AmazonGoogle_without_thr/testing_file_0.05_2868_imputed.txt,0.05,2868,0.6870229007633588,0.6870229007633588,1949.0,180.0,54.0,110.0,0.23076923076923078,0.7692307692307693
/root/workspace/FAISS-Imputation/ditto-master/data/er_magellan/Structured/Amazon-Google/imputed_AmazonGoogle_without_thr/testing_file_0.1_2868_imputed.txt,0.1,2868,0.6706827309236948,0.6706827309236948,1962.0,167.0,67.0,97.0,0.2863247863247863,0.7136752136752137
/root/workspace/FAISS-Imputation/ditto-master/data/er_magellan/Structured/Amazon-Google/imputed_AmazonGoogle_without_thr/testing_file_0.2_2868_imputed.txt,0.2,2868,0.5738045738045738,0.5738045738045738,1950.0,138.0,96.0,109.0,0.41025641025641024,0.5897435897435898
/root/workspace/FAISS-Imputation/ditto-master/data/er_magellan/Structured/Amazon-Google/imputed_AmazonGoogle_without_thr/testing_file_0.4_2868_imputed.txt,0.4,2868,0.44571428571428573,0.44571428571428573,1885.0,117.0,117.0,174.0,0.5,0.5
/root/workspace/FAISS-Imputation/ditto-master/data/er_magellan/Structured/Amazon-Google/imputed_AmazonGoogle_without_thr/testing_file_0.05_4688_imputed.txt,0.05,4688,0.6693069306930693,0.6693069306930693,1957.0,169.0,65.0,102.0,0.2777777777777778,0.7222222222222222
/root/workspace/FAISS-Imputation/ditto-master/data/er_magellan/Structured/Amazon-Google/imputed_AmazonGoogle_without_thr/testing_file_0.1_4688_imputed.txt,0.1,4688,0.6254980079681275,0.6254980079681275,1948.0,157.0,77.0,111.0,0.32905982905982906,0.6709401709401709
/root/workspace/FAISS-Imputation/ditto-master/data/er_magellan/Structured/Amazon-Google/imputed_AmazonGoogle_without_thr/testing_file_0.2_4688_imputed.txt,0.2,4688,0.5343811394891945,0.5343811394891945,1920.0,136.0,98.0,139.0,0.4188034188034188,0.5811965811965812
/root/workspace/FAISS-Imputation/ditto-master/data/er_magellan/Structured/Amazon-Google/imputed_AmazonGoogle_without_thr/testing_file_0.4_4688_imputed.txt,0.4,4688,0.4366812227074236,0.4366812227074236,1935.0,100.0,134.0,124.0,0.5726495726495726,0.42735042735042733
/root/workspace/FAISS-Imputation/ditto-master/data/er_magellan/Structured/Amazon-Google/imputed_AmazonGoogle_without_thr/testing_file_0.05_1132_imputed.txt,0.05,1132,0.676595744680851,0.676595744680851,1982.0,159.0,75.0,77.0,0.32051282051282054,0.6794871794871795
/root/workspace/FAISS-Imputation/ditto-master/data/er_magellan/Structured/Amazon-Google/imputed_AmazonGoogle_without_thr/testing_file_0.1_1132_imputed.txt,0.1,1132,0.6032388663967612,0.6032388663967612,1948.0,149.0,85.0,111.0,0.36324786324786323,0.6367521367521367
/root/workspace/FAISS-Imputation/ditto-master/data/er_magellan/Structured/Amazon-Google/imputed_AmazonGoogle_without_thr/testing_file_0.2_1132_imputed.txt,0.2,1132,0.5406593406593406,0.5418502202643172,1962.0,123.0,111.0,97.0,0.47435897435897434,0.5256410256410257
/root/workspace/FAISS-Imputation/ditto-master/data/er_magellan/Structured/Amazon-Google/imputed_AmazonGoogle_without_thr/testing_file_0.4_1132_imputed.txt,0.4,1132,0.37575757575757573,0.37575757575757573,1891.0,93.0,141.0,168.0,0.6025641025641025,0.3974358974358974
/root/workspace/FAISS-Imputation/ditto-master/data/er_magellan/Structured/Amazon-Google/imputed_AmazonGoogle_without_thr/testing_file_0.05_5467_imputed.txt,0.05,5467,0.6653061224489796,0.6653061224489796,1966.0,163.0,71.0,93.0,0.3034188034188034,0.6965811965811965
/root/workspace/FAISS-Imputation/ditto-master/data/er_magellan/Structured/Amazon-Google/imputed_AmazonGoogle_without_thr/testing_file_0.1_5467_imputed.txt,0.1,5467,0.6354378818737271,0.6354378818737271,1958.0,156.0,78.0,101.0,0.3333333333333333,0.6666666666666666
/root/workspace/FAISS-Imputation/ditto-master/data/er_magellan/Structured/Amazon-Google/imputed_AmazonGoogle_without_thr/testing_file_0.2_5467_imputed.txt,0.2,5467,0.5738045738045738,0.5738045738045738,1950.0,138.0,96.0,109.0,0.41025641025641024,0.5897435897435898
/root/workspace/FAISS-Imputation/ditto-master/data/er_magellan/Structured/Amazon-Google/imputed_AmazonGoogle_without_thr/testing_file_0.4_5467_imputed.txt,0.4,5467,0.42061855670103093,0.4214876033057851,1911.0,102.0,132.0,148.0,0.5641025641025641,0.4358974358974359
/root/workspace/FAISS-Imputation/ditto-master/data/er_magellan/Structured/Amazon-Google/imputed_AmazonGoogle_without_thr/testing_file_0.05_2012_imputed.txt,0.05,2012,0.6878727634194831,0.6878727634194831,1963.0,173.0,61.0,96.0,0.2606837606837607,0.7393162393162394
/root/workspace/FAISS-Imputation/ditto-master/data/er_magellan/Structured/Amazon-Google/imputed_AmazonGoogle_without_thr/testing_file_0.1_2012_imputed.txt,0.1,2012,0.6705426356589147,0.6705426356589147,1950.0,173.0,61.0,109.0,0.2606837606837607,0.7393162393162394
/root/workspace/FAISS-Imputation/ditto-master/data/er_magellan/Structured/Amazon-Google/imputed_AmazonGoogle_without_thr/testing_file_0.2_2012_imputed.txt,0.2,2012,0.5788235294117647,0.5788235294117647,1991.0,123.0,111.0,68.0,0.47435897435897434,0.5256410256410257
/root/workspace/FAISS-Imputation/ditto-master/data/er_magellan/Structured/Amazon-Google/imputed_AmazonGoogle_without_thr/testing_file_0.4_2012_imputed.txt,0.4,2012,0.4296577946768061,0.4296577946768061,1880.0,113.0,121.0,179.0,0.5170940170940171,0.4829059829059829
/root/workspace/FAISS-Imputation/ditto-master/data/er_magellan/Structured/Amazon-Google/imputed_AmazonGoogle_without_thr/testing_file_0.05_292_imputed.txt,0.05,292,0.6506469500924215,0.6506469500924215,1928.0,176.0,58.0,131.0,0.24786324786324787,0.7521367521367521
/root/workspace/FAISS-Imputation/ditto-master/data/er_magellan/Structured/Amazon-Google/imputed_AmazonGoogle_without_thr/testing_file_0.1_292_imputed.txt,0.1,292,0.6191536748329621,0.6191536748329621,1983.0,139.0,95.0,76.0,0.405982905982906,0.594017094017094
/root/workspace/FAISS-Imputation/ditto-master/data/er_magellan/Structured/Amazon-Google/imputed_AmazonGoogle_without_thr/testing_file_0.2_292_imputed.txt,0.2,292,0.562874251497006,0.562874251497006,1933.0,141.0,93.0,126.0,0.3974358974358974,0.6025641025641025
/root/workspace/FAISS-Imputation/ditto-master/data/er_magellan/Structured/Amazon-Google/imputed_AmazonGoogle_without_thr/testing_file_0.4_292_imputed.txt,0.4,292,0.4186046511627907,0.4186046511627907,1851.0,117.0,117.0,208.0,0.5,0.5
/root/workspace/FAISS-Imputation/ditto-master/data/er_magellan/Structured/Amazon-Google/imputed_AmazonGoogle_without_thr/testing_file_0.05_7665_imputed.txt,0.05,7665,0.6909090909090909,0.6896551724137931,1932.0,190.0,44.0,127.0,0.18803418803418803,0.811965811965812
/root/workspace/FAISS-Imputation/ditto-master/data/er_magellan/Structured/Amazon-Google/imputed_AmazonGoogle_without_thr/testing_file_0.1_7665_imputed.txt,0.1,7665,0.6829268292682927,0.6829268292682927,1969.0,168.0,66.0,90.0,0.28205128205128205,0.717948717948718
/root/workspace/FAISS-Imputation/ditto-master/data/er_magellan/Structured/Amazon-Google/imputed_AmazonGoogle_without_thr/testing_file_0.2_7665_imputed.txt,0.2,7665,0.555984555984556,0.555984555984556,1919.0,144.0,90.0,140.0,0.38461538461538464,0.6153846153846154
/root/workspace/FAISS-Imputation/ditto-master/data/er_magellan/Structured/Amazon-Google/imputed_AmazonGoogle_without_thr/testing_file_0.4_7665_imputed.txt,0.4,7665,0.40302267002518893,0.40302267002518893,1976.0,80.0,154.0,83.0,0.6581196581196581,0.3418803418803419
/root/workspace/FAISS-Imputation/ditto-master/data/er_magellan/Structured/Amazon-Google/imputed_AmazonGoogle_without_thr/testing_file_0.05_4234_imputed.txt,0.05,4234,0.6915113871635611,0.6915113871635611,1977.0,167.0,67.0,82.0,0.2863247863247863,0.7136752136752137
/root/workspace/FAISS-Imputation/ditto-master/data/er_magellan/Structured/Amazon-Google/imputed_AmazonGoogle_without_thr/testing_file_0.1_4234_imputed.txt,0.1,4234,0.6706586826347305,0.6693227091633466,1959.0,168.0,66.0,100.0,0.28205128205128205,0.717948717948718
/root/workspace/FAISS-Imputation/ditto-master/data/er_magellan/Structured/Amazon-Google/imputed_AmazonGoogle_without_thr/testing_file_0.2_4234_imputed.txt,0.2,4234,0.5841392649903289,0.5841392649903289,1927.0,151.0,83.0,132.0,0.3547008547008547,0.6452991452991453
/root/workspace/FAISS-Imputation/ditto-master/data/er_magellan/Structured/Amazon-Google/imputed_AmazonGoogle_without_thr/testing_file_0.4_4234_imputed.txt,0.4,4234,0.45195729537366547,0.45195729537366547,1858.0,127.0,107.0,201.0,0.45726495726495725,0.5427350427350427
/root/workspace/FAISS-Imputation/ditto-master/data/er_magellan/Structured/Amazon-Google/imputed_AmazonGoogle_without_thr/testing_file_0.05_3722_imputed.txt,0.05,3722,0.7142857142857143,0.7142857142857143,1996.0,165.0,69.0,63.0,0.2948717948717949,0.7051282051282052
/root/workspace/FAISS-Imputation/ditto-master/data/er_magellan/Structured/Amazon-Google/imputed_AmazonGoogle_without_thr/testing_file_0.1_3722_imputed.txt,0.1,3722,0.6477024070021882,0.6477024070021882,1984.0,148.0,86.0,75.0,0.36752136752136755,0.6324786324786325
/root/workspace/FAISS-Imputation/ditto-master/data/er_magellan/Structured/Amazon-Google/imputed_AmazonGoogle_without_thr/testing_file_0.2_3722_imputed.txt,0.2,3722,0.5577342047930284,0.5577342047930284,1962.0,128.0,106.0,97.0,0.452991452991453,0.5470085470085471
/root/workspace/FAISS-Imputation/ditto-master/data/er_magellan/Structured/Amazon-Google/imputed_AmazonGoogle_without_thr/testing_file_0.4_3722_imputed.txt,0.4,3722,0.4365904365904366,0.4365904365904366,1917.0,105.0,129.0,142.0,0.5512820512820513,0.44871794871794873
/root/workspace/FAISS-Imputation/ditto-master/data/er_magellan/Structured/Amazon-Google/imputed_AmazonGoogle_without_thr/testing_file_0.05_4535_imputed.txt,0.05,4535,0.700990099009901,0.700990099009901,1965.0,177.0,57.0,94.0,0.24358974358974358,0.7564102564102564
/root/workspace/FAISS-Imputation/ditto-master/data/er_magellan/Structured/Amazon-Google/imputed_AmazonGoogle_without_thr/testing_file_0.1_4535_imputed.txt,0.1,4535,0.6486486486486487,0.6486486486486487,1943.0,168.0,66.0,116.0,0.28205128205128205,0.717948717948718
/root/workspace/FAISS-Imputation/ditto-master/data/er_magellan/Structured/Amazon-Google/imputed_AmazonGoogle_without_thr/testing_file_0.2_4535_imputed.txt,0.2,4535,0.5427509293680297,0.5427509293680297,1901.0,146.0,88.0,158.0,0.37606837606837606,0.6239316239316239
/root/workspace/FAISS-Imputation/ditto-master/data/er_magellan/Structured/Amazon-Google/imputed_AmazonGoogle_without_thr/testing_file_0.4_4535_imputed.txt,0.4,4535,0.3875968992248062,0.3875968992248062,1877.0,100.0,134.0,182.0,0.5726495726495726,0.42735042735042733
/root/workspace/FAISS-Imputation/ditto-master/data/er_magellan/Structured/Amazon-Google/imputed_AmazonGoogle_without_thr/testing_file_0.05_2781_imputed.txt,0.05,2781,0.694949494949495,0.694949494949495,1970.0,172.0,62.0,89.0,0.26495726495726496,0.7350427350427351
/root/workspace/FAISS-Imputation/ditto-master/data/er_magellan/Structured/Amazon-Google/imputed_AmazonGoogle_without_thr/testing_file_0.1_2781_imputed.txt,0.1,2781,0.6504065040650406,0.6504065040650406,1961.0,160.0,74.0,98.0,0.3162393162393162,0.6837606837606838
/root/workspace/FAISS-Imputation/ditto-master/data/er_magellan/Structured/Amazon-Google/imputed_AmazonGoogle_without_thr/testing_file_0.2_2781_imputed.txt,0.2,2781,0.59375,0.59375,1933.0,152.0,82.0,126.0,0.3504273504273504,0.6495726495726496
/root/workspace/FAISS-Imputation/ditto-master/data/er_magellan/Structured/Amazon-Google/imputed_AmazonGoogle_without_thr/testing_file_0.4_2781_imputed.txt,0.4,2781,0.42209072978303747,0.421259842519685,1892.0,107.0,127.0,167.0,0.5427350427350427,0.45726495726495725
/root/workspace/FAISS-Imputation/ditto-master/data/er_magellan/Structured/Amazon-Google/imputed_AmazonGoogle_without_thr/testing_file_0.05_7232_imputed.txt,0.05,7232,0.7142857142857143,0.7142857142857143,1996.0,165.0,69.0,63.0,0.2948717948717949,0.7051282051282052
/root/workspace/FAISS-Imputation/ditto-master/data/er_magellan/Structured/Amazon-Google/imputed_AmazonGoogle_without_thr/testing_file_0.1_7232_imputed.txt,0.1,7232,0.6706586826347305,0.6706586826347305,1960.0,168.0,66.0,99.0,0.28205128205128205,0.717948717948718
/root/workspace/FAISS-Imputation/ditto-master/data/er_magellan/Structured/Amazon-Google/imputed_AmazonGoogle_without_thr/testing_file_0.2_7232_imputed.txt,0.2,7232,0.5595238095238095,0.5595238095238095,1930.0,141.0,93.0,129.0,0.3974358974358974,0.6025641025641025
/root/workspace/FAISS-Imputation/ditto-master/data/er_magellan/Structured/Amazon-Google/imputed_AmazonGoogle_without_thr/testing_file_0.4_7232_imputed.txt,0.4,7232,0.40198511166253104,0.40198511166253104,1971.0,81.0,153.0,88.0,0.6538461538461539,0.34615384615384615
/root/workspace/FAISS-Imputation/ditto-master/data/er_magellan/Structured/Amazon-Google/imputed_AmazonGoogle_without_thr/testing_file_0.05_2977_imputed.txt,0.05,2977,0.6882591093117408,0.6882591093117408,1969.0,170.0,64.0,90.0,0.27350427350427353,0.7264957264957265
/root/workspace/FAISS-Imputation/ditto-master/data/er_magellan/Structured/Amazon-Google/imputed_AmazonGoogle_without_thr/testing_file_0.1_2977_imputed.txt,0.1,2977,0.6486486486486487,0.6486486486486487,1968.0,156.0,78.0,91.0,0.3333333333333333,0.6666666666666666
/root/workspace/FAISS-Imputation/ditto-master/data/er_magellan/Structured/Amazon-Google/imputed_AmazonGoogle_without_thr/testing_file_0.2_2977_imputed.txt,0.2,2977,0.5436507936507936,0.5425742574257426,1925.0,137.0,97.0,134.0,0.41452991452991456,0.5854700854700855
/root/workspace/FAISS-Imputation/ditto-master/data/er_magellan/Structured/Amazon-Google/imputed_AmazonGoogle_without_thr/testing_file_0.4_2977_imputed.txt,0.4,2977,0.4343065693430657,0.4343065693430657,1864.0,119.0,115.0,195.0,0.49145299145299143,0.5085470085470085
/root/workspace/FAISS-Imputation/ditto-master/data/er_magellan/Structured/Amazon-Google/imputed_AmazonGoogle_without_thr/testing_file_0.05_8381_imputed.txt,0.05,8381,0.6745098039215687,0.6719056974459725,1955.0,171.0,63.0,104.0,0.2692307692307692,0.7307692307692307
/root/workspace/FAISS-Imputation/ditto-master/data/er_magellan/Structured/Amazon-Google/imputed_AmazonGoogle_without_thr/testing_file_0.1_8381_imputed.txt,0.1,8381,0.6080305927342257,0.6080305927342257,1929.0,159.0,75.0,130.0,0.32051282051282054,0.6794871794871795
/root/workspace/FAISS-Imputation/ditto-master/data/er_magellan/Structured/Amazon-Google/imputed_AmazonGoogle_without_thr/testing_file_0.2_8381_imputed.txt,0.2,8381,0.5424528301886793,0.5411764705882353,1983.0,115.0,119.0,76.0,0.5085470085470085,0.49145299145299143
/root/workspace/FAISS-Imputation/ditto-master/data/er_magellan/Structured/Amazon-Google/imputed_AmazonGoogle_without_thr/testing_file_0.4_8381_imputed.txt,0.4,8381,0.4400977995110024,0.4400977995110024,1974.0,90.0,144.0,85.0,0.6153846153846154,0.38461538461538464
/root/workspace/FAISS-Imputation/ditto-master/data/er_magellan/Structured/Amazon-Google/imputed_AmazonGoogle_without_thr/testing_file_0.05_8635_imputed.txt,0.05,8635,0.68359375,0.68359375,1956.0,175.0,59.0,103.0,0.25213675213675213,0.7478632478632479
/root/workspace/FAISS-Imputation/ditto-master/data/er_magellan/Structured/Amazon-Google/imputed_AmazonGoogle_without_thr/testing_file_0.1_8635_imputed.txt,0.1,8635,0.6553191489361702,0.6553191489361702,1977.0,154.0,80.0,82.0,0.3418803418803419,0.6581196581196581
/root/workspace/FAISS-Imputation/ditto-master/data/er_magellan/Structured/Amazon-Google/imputed_AmazonGoogle_without_thr/testing_file_0.2_8635_imputed.txt,0.2,8635,0.5539714867617108,0.5539714867617108,1938.0,136.0,98.0,121.0,0.4188034188034188,0.5811965811965812
/root/workspace/FAISS-Imputation/ditto-master/data/er_magellan/Structured/Amazon-Google/imputed_AmazonGoogle_without_thr/testing_file_0.4_8635_imputed.txt,0.4,8635,0.4007421150278293,0.4022346368715084,1864.0,108.0,126.0,195.0,0.5384615384615384,0.46153846153846156
